
drop table if exists reviews;
CREATE TABLE reviews (
    review_id INTEGER,
    user_id INTEGER,
    submit_date date,
    product_id INTEGER,
    stars INTEGER
);

INSERT INTO reviews (review_id, user_id, submit_date, product_id, stars) VALUES
(6171, 123, '2022-06-08 00:00:00', 50001, 4),
(7802, 265, '2022-06-10 00:00:00', 69852, 4),
(5293, 362, '2022-06-18 00:00:00', 50001, 3),
(6352, 192, '2022-07-26 00:00:00', 69852, 3),
(4517, 981, '2022-07-05 00:00:00', 69852, 2),
(8654, 753, '2022-08-15 00:00:00', 50001, 5),
(9743, 642, '2022-08-22 00:00:00', 69852, 3),
(1025, 874, '2022-08-05 00:00:00', 50001, 4),
(2089, 512, '2022-09-10 00:00:00', 69852, 2),
(3078, 369, '2022-09-18 00:00:00', 50001, 5),
(4056, 785, '2022-09-25 00:00:00', 69852, 4),
(5034, 641, '2022-10-12 00:00:00', 50001, 3),
(6023, 829, '2022-10-18 00:00:00', 69852, 5),
(7012, 957, '2022-10-25 00:00:00', 50001, 2),
(8001, 413, '2022-11-05 00:00:00', 69852, 4),
(8990, 268, '2022-11-15 00:00:00', 50001, 3),
(9967, 518, '2022-11-22 00:00:00', 69852, 3),
(1086, 753, '2022-12-10 00:00:00', 50001, 5),
(1175, 642, '2022-12-18 00:00:00', 69852, 4),
(1264, 874, '2022-12-25 00:00:00', 50001, 3),
(1353, 512, '2022-12-31 00:00:00', 69852, 2),
(1442, 369, '2023-01-05 00:00:00', 50001, 4),
(1531, 785, '2023-01-15 00:00:00', 69852, 5),
(1620, 641, '2023-01-22 00:00:00', 50001, 3),
(1709, 829, '2023-01-30 00:00:00', 69852, 4);



-- ---------------------------------------------
-- Amazon Interview Question for enty Business Analyst!
-- ---------------------------------------------
/*
Question:: Given the reviews table, write a query to retrieve 
the average star rating for each product, grouped by month. 
The output should display the month as a numerical value, 
product ID, and average star rating rounded to two decimal places. 
Sort the output first by month and then by product ID.
*/

select product_id,  MONTH(submit_date) month, round(AVG(stars),2) avg_star 
from reviews group by product_id, MONTH(submit_date)
order by month, product_id;

------------
drop table if exists Transactions;
CREATE TABLE Transactions (
    id INT PRIMARY KEY,
    country NVARCHAR(255),
    state NVARCHAR(255),
    amount INT,
    trans_date DATE
);

INSERT INTO Transactions (id, country, state, amount, trans_date) VALUES
(121, 'US', 'approved', 1000, '2018-12-18'),
(122, 'US', 'declined', 2000, '2018-12-19'),
(123, 'US', 'approved', 2000, '2019-01-01'),
(124, 'DE', 'approved', 2000, '2019-01-07');


/*
Write an SQL query to find for each month and country, 
the number of transactions and their total amount, 
the number of approved transactions and their total amount.

Return the result table in in below order.RANGE


Output: 
+----------+---------+-------------+----------------+--------------------+-----------------------+
| month    | country | trans_count | approved_count | trans_total_amount | approved_total_amount |
+----------+---------+-------------+----------------+--------------------+-----------------------+
| 2018-12  | US      | 2           | 1              | 3000               | 1000                  |
| 2019-01  | US      | 1           | 1              | 2000               | 2000                  |
| 2019-01  | DE      | 1           | 1              | 2000               | 2000                  |
+----------+---------+-------------+----------------+--------------------+-----------------------+
*/

select FORMAT(trans_date, 'yyyy-MM') as month,
country,
COUNT(id) as trans_count,
SUM(case when state = 'approved' then 1 else 0 end) as approved_count,
SUM(amount) as trans_total_amount,
SUM(case when state = 'approved' then amount else 0 end) as approved_total_amount
from Transactions
group by FORMAT(trans_date, 'yyyy-MM'), country
order by month , country desc;

---------------------



-- creating the product table 

-- creating supplier table 

CREATE TABLE suppliers(supplier_id int PRIMARY KEY,
					  supplier_name varchar(25),
					  country VARCHAR(25)
					  );
-- let's insert some values 

INSERT INTO suppliers
VALUES(501, 'alan', 'India'),
		(502, 'rex', 'US'),
		(503, 'dodo', 'India'),
		(504, 'rahul', 'US'),
		(505, 'zara', 'Canda'),
		(506, 'max', 'Canada')
;

CREATE TABLE products(

						product_id int PRIMARY KEY,
						product_name VARCHAR(25),
						supplier_id int,
						price float,
						FOREIGN KEY (supplier_id) REFERENCES suppliers(supplier_id)
						);

INSERT INTO products
VALUES	(201, 'iPhone 14', '501', 1299),
		(202, 'iPhone 8', '502', 999),
		(204, 'iPhone 13', '502', 1199),
		(203, 'iPhone 11', '503', 1199),
		(205, 'iPhone 12', '502', 1199),
		(206, 'iPhone 14', '501', 1399),
		(214, 'iPhone 15', '503', 1499),
		(207, 'iPhone 15', '505', 1499),
		(208, 'iPhone 15', '504', 1499),
		(209, 'iPhone 12', '502', 1299),
		(210, 'iPhone 13', '502', 1199),
		(211, 'iPhone 11', '501', 1099),
		(212, 'iPhone 14', '503', 1399),
		(213, 'iPhone 8', '502', 1099)
;

-- adding more products 

INSERT INTO products
VALUES	(222, 'Samsung Galaxy S21', '504', 1699),
		(223, 'Samsung Galaxy S20', '505', 1899),
		(224, 'Google Pixel 6', '501', 899),
		(225, 'Google Pixel 5', '502', 799),
		(226, 'OnePlus 9 Pro', '503', 1699),
		(227, 'OnePlus 9', '502', 1999),
		(228, 'Xiaomi Mi 11', '501', 899),
		(229, 'Xiaomi Mi 10', '504', 699),
		(230, 'Huawei P40 Pro', '505', 1099),
		(231, 'Huawei P30', '502', 1299),
		(232, 'Sony Xperia 1 III', '503', 1199),
		(233, 'Sony Xperia 5 III', '501', 999),
		(234, 'LG Velvet', '505', 1899),
		(235, 'LG G8 ThinQ', '504', 799),
		(236, 'Motorola Edge Plus', '502', 1099),
		(237, 'Motorola One 5G', '501', 799),
		(238, 'ASUS ROG Phone 5', '503', 1999),
		(239, 'ASUS ZenFone 8', '504', 999),
		(240, 'Nokia 8.3 5G', '502', 899),
		(241, 'Nokia 7.2', '501', 699),
		(242, 'BlackBerry Key2', '504', 1899),
		(243, 'BlackBerry Motion', '502', 799),
		(244, 'HTC U12 Plus', '501', 899),
		(245, 'HTC Desire 20 Pro', '505', 699),
		(246, 'Lenovo Legion Phone Duel', '503', 1499),
		(247, 'Lenovo K12 Note', '504', 1499),
		(248, 'ZTE Axon 30 Ultra', '501', 1299),
		(249, 'ZTE Blade 20', '502', 1599),
		(250, 'Oppo Find X3 Pro', '503', 1999);

/* 1. You have two tables: Product and Supplier.
- Product Table Columns: Product_id, Product_Name, Supplier_id, Price
- Supplier Table Columns: Supplier_id, Supplier_Name, Country
*/



-- Write an SQL query to find the name of the product with the highest 
-- price in each country.

SELECT * FROM suppliers;
SELECT * FROM products;

with cte as(
select s.country,
p.product_id,
p.price,
dense_rank() over(PARTITION by s.country order by price desc) as rn
from suppliers s join products p on s.supplier_id = p.supplier_id
)
select c.country, p.product_name, c.price, c.rn as rank from cte c join products p
on p.product_id = c.product_id where c.rn <=3;